{
    "incoming": {
        "count": 8565371,
        "pf count": 8565371,
        "pf fraction": 1.0
    },
    "outgoing": {
        "count": 8565371,
        "pf count": 6942587,
        "pf fraction": 0.810541306383576
    },
    "sample": {
        "average classified confidence": 0.998749601957242,
        "average classified distance": 0.165570746484068,
        "average pf classified confidence": 0.999950100478662,
        "average pf classified distance": 0.153016159538224,
        "classified": [
            {
                "BC": "AACAACCG-CGACACTT",
                "CN": "FFGC Turku FI",
                "ID": "KGK59:AACAACCGCGACACTT",
                "PL": "ILLUMINA",
                "PM": "MiSeq M00558 2.6.2.1",
                "PU": "KGK59:AACAACCGCGACACTT",
                "average confidence": 0.998370631900352,
                "average distance": 0.092472351242364,
                "average pf confidence": 0.999954290993876,
                "average pf distance": 0.073207677952545,
                "barcode": [
                    "AACAACCG",
                    "CGACACTT"
                ],
                "concentration": 0.15,
                "count": 1878475,
                "estimated concentration": 0.219176615800863,
                "index": 1,
                "low conditional confidence count": 209470,
                "low confidence count": 2975,
                "pf count": 1875500,
                "pf fraction": 0.998416268515684,
                "pf pooled classified fraction": 0.270144256024447,
                "pf pooled fraction": 0.270144256024447,
                "pooled classified fraction": 0.270247932219736,
                "pooled fraction": 0.219310406986457
            },
            {
                "BC": "ACGTTACC-ACCGACAA",
                "CN": "FFGC Turku FI",
                "ID": "KGK59:ACGTTACCACCGACAA",
                "PL": "ILLUMINA",
                "PM": "MiSeq M00558 2.6.2.1",
                "PU": "KGK59:ACGTTACCACCGACAA",
                "average confidence": 0.997877793486324,
                "average distance": 0.244472927803638,
                "average pf confidence": 0.999947418571869,
                "average pf distance": 0.219103348822304,
                "barcode": [
                    "ACGTTACC",
                    "ACCGACAA"
                ],
                "concentration": 0.15,
                "count": 781743,
                "estimated concentration": 0.091167772541534,
                "index": 2,
                "low conditional confidence count": 455487,
                "low confidence count": 1618,
                "pf count": 780125,
                "pf fraction": 0.997930266084889,
                "pf pooled classified fraction": 0.112368055308489,
                "pf pooled fraction": 0.112368055308489,
                "pooled classified fraction": 0.112465925432733,
                "pooled fraction": 0.091267850511087
            },
            {
                "BC": "ACTCGTTG-GACTTGTG",
                "CN": "FFGC Turku FI",
                "ID": "KGK59:ACTCGTTGGACTTGTG",
                "PL": "ILLUMINA",
                "PM": "MiSeq M00558 2.6.2.1",
                "PU": "KGK59:ACTCGTTGGACTTGTG",
                "average confidence": 0.99815937716748,
                "average distance": 0.110419937085789,
                "average pf confidence": 0.999953876443044,
                "average pf distance": 0.088353285864991,
                "barcode": [
                    "ACTCGTTG",
                    "GACTTGTG"
                ],
                "concentration": 0.15,
                "count": 818575,
                "estimated concentration": 0.095489484313825,
                "index": 3,
                "low conditional confidence count": 227644,
                "low confidence count": 1469,
                "pf count": 817106,
                "pf fraction": 0.998205417951928,
                "pf pooled classified fraction": 0.11769474404858,
                "pf pooled fraction": 0.11769474404858,
                "pooled classified fraction": 0.117764783197418,
                "pooled fraction": 0.095567956134065
            },
            {
                "BC": "GATCCATG-AGTGGCAA",
                "CN": "FFGC Turku FI",
                "ID": "KGK59:GATCCATGAGTGGCAA",
                "PL": "ILLUMINA",
                "PM": "MiSeq M00558 2.6.2.1",
                "PU": "KGK59:GATCCATGAGTGGCAA",
                "average confidence": 0.999205174830643,
                "average distance": 0.136223875416214,
                "average pf confidence": 0.999951861660872,
                "average pf distance": 0.131938480672016,
                "barcode": [
                    "GATCCATG",
                    "AGTGGCAA"
                ],
                "concentration": 0.15,
                "count": 933412,
                "estimated concentration": 0.108999902536231,
                "index": 4,
                "low conditional confidence count": 496105,
                "low confidence count": 697,
                "pf count": 932715,
                "pf fraction": 0.999253277223776,
                "pf pooled classified fraction": 0.13434689403244,
                "pf pooled fraction": 0.13434689403244,
                "pooled classified fraction": 0.134285877059364,
                "pooled fraction": 0.108975081172782
            },
            {
                "BC": "GCCTATCA-CACAGACT",
                "CN": "FFGC Turku FI",
                "ID": "KGK59:GCCTATCACACAGACT",
                "PL": "ILLUMINA",
                "PM": "MiSeq M00558 2.6.2.1",
                "PU": "KGK59:GCCTATCACACAGACT",
                "average confidence": 0.999441032437424,
                "average distance": 0.158690396316775,
                "average pf confidence": 0.999952888570955,
                "average pf distance": 0.155859111649937,
                "barcode": [
                    "GCCTATCA",
                    "CACAGACT"
                ],
                "concentration": 0.15,
                "count": 1728920,
                "estimated concentration": 0.201943408843212,
                "index": 5,
                "low conditional confidence count": 141296,
                "low confidence count": 885,
                "pf count": 1728035,
                "pf fraction": 0.999488119751058,
                "pf pooled classified fraction": 0.248903614747643,
                "pf pooled fraction": 0.248903614747643,
                "pooled classified fraction": 0.248732112470673,
                "pooled fraction": 0.201849984081249
            },
            {
                "BC": "GTATGCTG-GTTCCATG",
                "CN": "FFGC Turku FI",
                "ID": "KGK59:GTATGCTGGTTCCATG",
                "PL": "ILLUMINA",
                "PM": "MiSeq M00558 2.6.2.1",
                "PU": "KGK59:GTATGCTGGTTCCATG",
                "average confidence": 0.999065595807227,
                "average distance": 0.363229757213755,
                "average pf confidence": 0.999931174585113,
                "average pf distance": 0.357819618195885,
                "barcode": [
                    "GTATGCTG",
                    "GTTCCATG"
                ],
                "concentration": 0.15,
                "count": 809807,
                "estimated concentration": 0.094554580060876,
                "index": 6,
                "low conditional confidence count": 84437,
                "low confidence count": 701,
                "pf count": 809106,
                "pf fraction": 0.999134361644194,
                "pf pooled classified fraction": 0.116542435838398,
                "pf pooled fraction": 0.116542435838398,
                "pooled classified fraction": 0.116503369620073,
                "pooled fraction": 0.094544299365433
            }
        ],
        "classified count": 6950932,
        "classified fraction": 0.811515578251076,