{
    "incoming": {
        "count": 8565371,
        "pf count": 8565371,
        "pf fraction": 1.0
    },
    "outgoing": {
        "count": 8565371,
        "pf count": 6940757,
        "pf fraction": 0.81032765539286
    },
    "sample": {
        "average classified confidence": 0.998479287168893,
        "average classified distance": 0.165564487854788,
        "average pf classified confidence": 0.999942604687297,
        "average pf classified distance": 0.150866108696789,
        "classified": [
            {
                "BC": "AACAACCG-CGACACTT",
                "CN": "FFGC Turku FI",
                "ID": "KGK59:AACAACCGCGACACTT",
                "PL": "ILLUMINA",
                "PM": "MiSeq M00558 2.6.2.1",
                "PU": "KGK59:AACAACCGCGACACTT",
                "average confidence": 0.998285157458283,
                "average distance": 0.09271555964381,
                "average pf confidence": 0.999951253165193,
                "average pf distance": 0.072973442777145,
                "barcode": [
                    "AACAACCG",
                    "CGACACTT"
                ],
                "concentration": 0.219176615800864,
                "count": 1878552,
                "estimated concentration": 0.219214304658488,
                "index": 1,
                "low conditional confidence count": 240178,
                "low confidence count": 3130,
                "pf count": 1875422,
                "pf fraction": 0.998333823072238,
                "pf pooled classified fraction": 0.270204244292085,
                "pf pooled fraction": 0.270204244292085,
                "pooled classified fraction": 0.27025912651388,
                "pooled fraction": 0.219319396672952
            },
            {
                "BC": "ACGTTACC-ACCGACAA",
                "CN": "FFGC Turku FI",
                "ID": "KGK59:ACGTTACCACCGACAA",
                "PL": "ILLUMINA",
                "PM": "MiSeq M00558 2.6.2.1",
                "PU": "KGK59:ACGTTACCACCGACAA",
                "average confidence": 0.998517962298261,
                "average distance": 0.22698519834373,
                "average pf confidence": 0.999943359054406,
                "average pf distance": 0.214253832992594,
                "barcode": [
                    "ACGTTACC",
                    "ACCGACAA"
                ],
                "concentration": 0.091167772541534,
                "count": 780791,
                "estimated concentration": 0.091134992885612,
                "index": 2,
                "low conditional confidence count": 378337,
                "low confidence count": 1113,
                "pf count": 779678,
                "pf fraction": 0.998574522503461,
                "pf pooled classified fraction": 0.112333280073052,
                "pf pooled fraction": 0.112333280073052,
                "pooled classified fraction": 0.112329013862751,
                "pooled fraction": 0.091156705296244
            },
            {
                "BC": "ACTCGTTG-GACTTGTG",
                "CN": "FFGC Turku FI",
                "ID": "KGK59:ACTCGTTGGACTTGTG",
                "PL": "ILLUMINA",
                "PM": "MiSeq M00558 2.6.2.1",
                "PU": "KGK59:ACTCGTTGGACTTGTG",
                "average confidence": 0.998071852850195,
                "average distance": 0.105219548559766,
                "average pf confidence": 0.999947663601693,
                "average pf distance": 0.083919508775796,
                "barcode": [
                    "ACTCGTTG",
                    "GACTTGTG"
                ],
                "concentration": 0.095489484313825,
                "count": 818270,
                "estimated concentration": 0.095466511065376,
                "index": 3,
                "low conditional confidence count": 225459,
                "low confidence count": 1535,
                "pf count": 816735,
                "pf fraction": 0.998124091070184,
                "pf pooled classified fraction": 0.117672323062167,
                "pf pooled fraction": 0.117672323062167,
                "pooled classified fraction": 0.117720954997526,
                "pooled fraction": 0.095532347635613
            },
            {
                "BC": "GATCCATG-AGTGGCAA",
                "CN": "FFGC Turku FI",
                "ID": "KGK59:GATCCATGAGTGGCAA",
                "PL": "ILLUMINA",
                "PM": "MiSeq M00558 2.6.2.1",
                "PU": "KGK59:GATCCATGAGTGGCAA",
                "average confidence": 0.997968305588652,
                "average distance": 0.150551640579511,
                "average pf confidence": 0.999925767215958,
                "average pf distance": 0.129923054237379,
                "barcode": [
                    "GATCCATG",
                    "AGTGGCAA"
                ],
                "concentration": 0.108999902536231,
                "count": 934304,
                "estimated concentration": 0.108995126822882,
                "index": 4,
                "low conditional confidence count": 529700,
                "low confidence count": 1829,
                "pf count": 932475,
                "pf fraction": 0.99804239305408,
                "pf pooled classified fraction": 0.134347737573869,
                "pf pooled fraction": 0.134347737573869,
                "pooled classified fraction": 0.134414263186978,
                "pooled fraction": 0.109079221437109
            },
            {
                "BC": "GCCTATCA-CACAGACT",
                "CN": "FFGC Turku FI",
                "ID": "KGK59:GCCTATCACACAGACT",
                "PL": "ILLUMINA",
                "PM": "MiSeq M00558 2.6.2.1",
                "PU": "KGK59:GCCTATCACACAGACT",
                "average confidence": 0.999182843709993,
                "average distance": 0.161190073315529,
                "average pf confidence": 0.999947880706736,
                "average pf distance": 0.155511700517675,
                "barcode": [
                    "GCCTATCA",
                    "CACAGACT"
                ],
                "concentration": 0.201943408843213,
                "count": 1729238,
                "estimated concentration": 0.201972508178944,
                "index": 5,
                "low conditional confidence count": 157640,
                "low confidence count": 1323,
                "pf count": 1727915,
                "pf fraction": 0.99923492312799,
                "pf pooled classified fraction": 0.248951951494628,
                "pf pooled fraction": 0.248951951494628,
                "pooled classified fraction": 0.248777969103122,
                "pooled fraction": 0.20188711031898
            },
            {
                "BC": "GTATGCTG-GTTCCATG",
                "CN": "FFGC Turku FI",
                "ID": "KGK59:GTATGCTGGTTCCATG",
                "PL": "ILLUMINA",
                "PM": "MiSeq M00558 2.6.2.1",
                "PU": "KGK59:GTATGCTGGTTCCATG",
                "average confidence": 0.99839120366841,
                "average distance": 0.362981523239817,
                "average pf confidence": 0.99992484967742,
                "average pf distance": 0.352266824318641,
                "barcode": [
                    "GTATGCTG",
                    "GTTCCATG"
                ],
                "concentration": 0.094554580060876,
                "count": 809774,
                "estimated concentration": 0.094507678897942,
                "index": 6,
                "low conditional confidence count": 83128,
                "low confidence count": 1242,
                "pf count": 808532,
                "pf fraction": 0.998466238728336,
                "pf pooled classified fraction": 0.116490463504197,
                "pf pooled fraction": 0.116490463504197,
                "pooled classified fraction": 0.116498672335741,
                "pooled fraction": 0.094540446642649
            }
        ],
        "classified count": 6950929,